[
  {
    "id": 2018,
    "anio": 2018
  },
  {
    "id": 2014,
    "anio": 2014
  },
  {
    "id": 2012,
    "anio": 2012
  },
  {
    "id": 2019,
    "anio": 2019
  },
  {
    "id": 2013,
    "anio": 2013
  },
  {
    "id": 2015,
    "anio": 2015
  },
  {
    "id": 2016,
    "anio": 2016
  },
  {
    "id": 2017,
    "anio": 2017
  },
  {
    "id": 2021,
    "anio": 2021
  },
  {
    "id": 2020,
    "anio": 2020
  },
  {
    "id": 1984,
    "anio": 1984
  },
  {
    "id": 1985,
    "anio": 1985
  },
  {
    "id": 1986,
    "anio": 1986
  },
  {
    "id": 1987,
    "anio": 1987
  },
  {
    "id": 1988,
    "anio": 1988
  },
  {
    "id": 1989,
    "anio": 1989
  },
  {
    "id": 1990,
    "anio": 1990
  },
  {
    "id": 1991,
    "anio": 1991
  },
  {
    "id": 1992,
    "anio": 1992
  },
  {
    "id": 1993,
    "anio": 1993
  },
  {
    "id": 1994,
    "anio": 1994
  },
  {
    "id": 1995,
    "anio": 1995
  },
  {
    "id": 1996,
    "anio": 1996
  },
  {
    "id": 1997,
    "anio": 1997
  },
  {
    "id": 1998,
    "anio": 1998
  },
  {
    "id": 1999,
    "anio": 1999
  },
  {
    "id": 2000,
    "anio": 2000
  },
  {
    "id": 2001,
    "anio": 2001
  },
  {
    "id": 2002,
    "anio": 2002
  },
  {
    "id": 2003,
    "anio": 2003
  },
  {
    "id": 2004,
    "anio": 2004
  },
  {
    "id": 2005,
    "anio": 2005
  },
  {
    "id": 2006,
    "anio": 2006
  },
  {
    "id": 2007,
    "anio": 2007
  },
  {
    "id": 2008,
    "anio": 2008
  },
  {
    "id": 2009,
    "anio": 2009
  },
  {
    "id": 2010,
    "anio": 2010
  },
  {
    "id": 2011,
    "anio": 2011
  }
]